ID,Business Name,Category,Area / Locality,Contact Person / Role,Phone Number,Google Rating,Reviews Count,Vulnerability,Current Website Status,Identified Pain Points,Target Pitch Services,Outreach Hook (WhatsApp/Call),Est. Deal Value (INR)
PUN-001,Amazing Beauty Salon,Salon & Spa,"Bavdhan, Pune",Pooja Sharma (Salon Head),+91 98230 44551,3.6,85,Critical ⚠️,No Website (Only Justdial listing),Negative reviews about hair styling wait times; no slot booking,Private Feedback Vault + Luxury Salon Showcase Website with Online Slot Booking,Saw your 3.6★ rating on Google with 85 reviews. We shield salons from 1-star complaints and boost to 4.8★.,"₹35,000 + ₹3,000/mo"
PUN-002,Kothrud Fitness (VCPL Fit),Gym & Fitness,"Paud Road, Kothrud",Sachin More (Gym Manager),+91 98221 88992,3.6,24,Critical ⚠️,No Website (Only Facebook page),Low review volume; 2 bad reviews dropped rating below 4.0; lost new gym memberships,QR Check-in Review Gating + Gym Tour & Membership Lead Funnel Website,2 bad reviews pulled your Google rating down to 3.6★. We install a check-in QR that intercepts complaints privately.,"₹30,000 + ₹2,500/mo"
PUN-003,Smita Divine Beauty Salon & Academy,Beauty & Academy,"Bhandarkar Road, Pune",Smita Patil (Founder),+91 98900 11223,3.6,64,Critical ⚠️,Outdated static page without SSL,Students and salon clients posting mixed reviews on same profile; SSL security warning,Academy Student Portal + VIP Salon Lookbook + Review Separation Shield,Your website is triggering 'Not Secure' SSL warnings. We build high-speed Next.js portals and recover your Google score.,"₹45,000 + ₹4,000/mo"
PUN-004,P-Zzzas,Pizza Delivery,"Koregaon Park, Pune",Kunal Kapoor (Partner),+91 98205 66778,3.7,142,High ⚠️,Third-party aggregator link only,Delivery temperature and sauce complaints dragging dine-in reputation; paying 28% Zomato commissions,Direct Online Ordering Website (0% Commission) + Post-Delivery WhatsApp Review Gating,Stop losing 28% to Zomato while delivery delays ruin your Google rating. Get your own 0% commission ordering site.,"₹50,000 + ₹4,500/mo"
PUN-005,Yogi Tree Restaurant & Cafe,Cafe & North Indian,"Lane A, Koregaon Park",Arun Malhotra (Manager),+91 98231 77884,3.7,310,High ⚠️,Legacy Flash/PHP site (Not mobile responsive),Rush hour service delays causing 1-star Google drop; menu unreadable on smartphones,Mobile-First Digital QR Menu + Table Reservation System + Rating Recovery Engine,Your cafe has great food in KP but unreadable mobile menus. We build lightning-fast web menus and protect your rating.,"₹40,000 + ₹3,500/mo"
PUN-006,Iron Sanctuary Gym,Fitness Center,"Paud Road, Kothrud",Rohit Deshmukh (Head Trainer),+91 98500 33445,3.7,101,High ⚠️,Outdated Wix template (Takes 6.2s to load),Equipment maintenance complaints public on Google; no free trial pass capture system,High-Speed Next.js Lead Funnel + Automated 1-Day Trial Pass SMS + In-Gym Review Gating,Turn your gym traffic into members. We replace your slow Wix page with a 1-sec mobile funnel and clean up your reviews.,"₹35,000 + ₹3,000/mo"
PUN-007,Tbs Pizza & Grills,Restaurant & Grills,"Rajaram Park, Koregaon Park",Rohan Gupta (Store Incharge),+91 98600 55667,3.8,185,High ⚠️,No custom domain (Relies on food portals),Delivery transit time complaints on Google; no direct online table or takeout ordering,Direct Takeaway & Table Booking Portal + Review Shielding WhatsApp Bot,We helped Rustic Table Cafe jump from 4.0 to 4.9★ in 30 days. Let us show you a 2-min preview for Tbs Grills.,"₹38,000 + ₹3,000/mo"
PUN-008,Ganesh Bhel,Chaat & Quick Bites,"Baner Road, Baner",Nitin Gudgila (Franchise Owner),+91 98220 99881,3.8,220,Moderate,Informational static page (No ordering or feedback),Weekend crowd cleanliness and queue complaints; losing corporate orders to Haldirams,Corporate Bulk Order Portal + Digital Counter QR Review Filter,Capture corporate party orders in Baner with a dedicated bulk booking portal while filtering customer feedback.,"₹30,000 + ₹2,500/mo"
PUN-009,Optimum Health Club,Gym & Health Club,"Above Reliance Fresh, Kothrud",Gaurav Shinde (Owner),+91 98233 11220,3.8,43,High ⚠️,No Website,Low review footprint; newer gyms taking away members; no digital presence,Modern Fitness Showcase Website + WhatsApp Auto-Review Trigger on Biometric Exit,Your gym has prime location above Reliance Fresh but only 43 reviews. We automate reviews so you outrank new gyms.,"₹35,000 + ₹2,500/mo"
PUN-010,Peshwa Restaurant,Maharashtrian Dine-in,"FC Road, Deccan",Anand Joshi (Owner),+91 98224 55661,3.8,410,High ⚠️,No Website,Peak morning Misal rush causes long queues and 2-star reviews; tourists check Google and skip 3.8 rating,Live Queue Token Status Web App + Tabletop QR Review Gating,FC Road footfall skips restaurants under 4.0★. Our live queue web app stops waiting complaints from hitting Google.,"₹40,000 + ₹3,500/mo"
PUN-011,Aaoji Khhaoji Thali,North Indian Thali,Near JM Road / FC Road,Harpreet Singh (General Manager),+91 98238 77665,3.8,890,High ⚠️,Slow WordPress blog (5.8s load time),Viral food concept ruined by complaints about thali wait times; high viral search but low Google rating,High-Performance Next.js Food Showcase + Instant Private Feedback System,"You get thousands of tourists searching your jumbo thalis, but 3.8★ hurts walk-ins. We restore your rating to 4.8★.","₹50,000 + ₹4,500/mo"
PUN-012,Meridian Ice Cream & Desserts,Desserts & Shakes,"FC Road, Pune",Deepak Oswal (Store Owner),+91 98227 44332,3.8,290,Moderate,No Website,Flavor availability complaints; no digital delivery or gift box order portal,Luxury Ice Cream Flavors Digital Showcase + Post-Billing WhatsApp Review Request,Turn dessert lovers into 5-star Google reviews after every bill with our 1-click WhatsApp Review Boost engine.,"₹28,000 + ₹2,000/mo"
PUN-013,The Lotus Bistro,Multicuisine Dine-in,"Lane 5, Koregaon Park",Sameer Sen (Managing Partner),+91 98209 88112,3.9,215,Moderate,No custom domain (Outdated social links),High check size (₹1500 for two) means high customer expectations; small service flaws become 2-star reviews,Glassmorphic Fine-Dine Website + Private VIP Feedback Interceptor,High-paying diners in KP check Google before booking. Shield your prestige with our private customer feedback vault.,"₹45,000 + ₹4,000/mo"
PUN-014,Street Side Cafe,Pure Veg Cafe,"Lane 5, Koregaon Park",Kunal Bhalerao (Owner),+91 98226 33990,3.9,140,Moderate,No Website,No digital menu; customers photograph old paper menus; 1-star reviews for table wait times,QR Digital Touch Menu + Table Reservation Web App + 5★ Google Booster,Ditch paper menus for an interactive smartphone menu and boost your Google rating from 3.9 to 4.9★.,"₹35,000 + ₹3,000/mo"
PUN-015,Swaadesi Restaurant,North Indian & Mughlai,"Baner Road, Baner",Virendra Singh (Manager),+91 98235 44119,3.9,380,High ⚠️,Slow template site with broken reservation forms,Losing Baner IT crowd to Maratha Samrat (4.4★); online reservation form sends leads into spam,Enterprise Next.js Table Booking System + Corporate Lunch Event Lead Funnel + Review Gating,Baner IT professionals look for 4.5+ places. We redesign your booking portal to capture corporate lunch deals.,"₹45,000 + ₹4,000/mo"
PUN-016,PMSC Multi Cuisine Restaurant,Multi Cuisine,"Baner, Pune",Prashant Mane (Owner),+91 98230 77112,3.9,195,Moderate,No Website,Weekend family crowd complaints on AC and parking; rating stuck under 4.0 for over 6 months,Family Dining Web Portal + Tabletop NFC Cards + Review Shield,Unlock 4.8★ status in Baner by routing happy diners to Google and complaints to your private WhatsApp.,"₹38,000 + ₹3,000/mo"
PUN-017,Makrana Restaurant,Casual Dining,"Baner, Pune",Imran Makrani (Owner),+91 98228 99001,3.9,160,Moderate,No Website,Delivery orders getting mixed with dine-in reviews; rating stagnating,Online Food Catalog + Automated Review Dispatch on Order Delivery,Stop delivery mix-ups from ruining your restaurant rating. Direct happy customers straight to Google.,"₹32,000 + ₹2,500/mo"
PUN-018,Bharat Vyanjanam,South Indian Dining,"Baner, Pune",K. Ramanathan (Partner),+91 98401 22334,3.9,275,Moderate,Basic Google Business Site only,Breakfast peak crowd wait times; Google Business free website shutting down/deprecating,Modern Responsive South Indian Cuisine Website + Breakfast Pre-order Web App,Google is deprecating Google Business Sites. We build your permanent custom web asset and drive 50+ new 5-star reviews.,"₹35,000 + ₹3,000/mo"
PUN-019,Capital Saloon,Hair & Grooming Salon,"Kothrud, Pune",Mahesh Salunkhe (Proprietor),+91 98221 66554,3.9,628,High ⚠️,No Website (Only Justdial listing),Huge footfall (628 reviews) but queue wait times drag score to 3.9; lost upscale clientele,Appointment Scheduling Web App + Post-Haircut WhatsApp 5★ Prompt,You have 600+ reviews but are stuck at 3.9★ because of wait times. An online appointment app fixes this overnight.,"₹40,000 + ₹3,500/mo"
PUN-020,Lalit Mahal Restaurant,South Indian & Fast Food,"FC Road / Deccan, Pune",Suresh Hegde (Managing Partner),+91 98225 11009,3.9,540,Moderate,No Website,Heavy college student rush; no digital parcel ordering; students post fast critical reviews,Student Meal Subscription & Takeaway Web App + Fast QR Review Shield,Turn student footfall on FC Road into loyal fans with a student meal subscription web app and 5-star review booster.,"₹38,000 + ₹3,000/mo"
